AccountNumber,Name,Balance
1001,Yara Thompson,1885.19
1002,Diana Smith,578.8
1004,Eve White,2340.53
1005,Uma Anderson,7855.1
1006,Uma Jones,7939.85
1007,Victor Clark,7360.73
1008,Mia Martinez,8223.08
1009,Olivia Martin,4577.82
1010,Karen Taylor,8891.81
1011,Alice Miller,9574.72
1012,Grace Thomas,9033.68
1013,Sam Miller,3769.81
1014,Tina Miller,6195.3
1015,Emily Brown,5919.92
1016,Alice Anderson,7744.12
1017,Ivy Taylor,1810.67
1018,George Williams,2024.1
1019,Rachel Jones,1845.55
1020,Xavier Robinson,3475.13
1021,Mia Thompson,18.05
1022,Ivy Smith,6711.25
1023,Olivia Williams,5044.23
1024,Yara Martinez,600
1025,Peter Wilson,8455.31
1026,Jack Williams,6777.03
1027,Sam Miller,4925.34
1028,Bob Moore,2630.32
1029,Emily Anderson,6573.92
1030,Diana Jones,2543.29
1031,Alice Anderson,3333.91
1032,Jack Thomas,3428.19
1033,Henry Robinson,6327.11
1034,Uma Harris,9346.75
1035,David White,4935.54
1036,Yara Clark,1847.71
1037,Alice Miller,1231.99
1038,Mia Jones,503.15
1039,Ivy Brown,2168.06
1040,Zack Martinez,2107.05
1041,Laura Thomas,922.25
1042,Rachel Brown,6688.55
1043,David Jones,2647.93
1044,Mia Thomas,1292.61
1045,Rachel Jackson,2014.98
1046,Uma Moore,7716.8
1047,Victor Jones,315.13
1048,Tina Jackson,7581.76
1049,Wendy Thomas,2759.07
1050,Noah Smith,120.56
1051,Frank Brown,706.87
1052,Sam Martin,9493.95
1053,Xavier Wilson,7750.49
1054,Frank Clark,8132.29
1055,Rachel Thomas,3632.98
1056,Noah Moore,4335.02
1057,Victor Clark,2856.49
1058,Liam Thompson,2170.28
1059,Yara Jones,480.82
1060,Uma Davis,7184.18
1061,Alice Thomas,7520.99
1062,Wendy Jackson,8085.47
1063,Alice Jones,204.29
1064,Frank Thompson,5466.92
1065,Grace Brown,1068.94
1066,Olivia Clark,4820.13
1067,Wendy Moore,6271.08
1068,Wendy Martinez,4513.55
1069,Zack Miller,1404.01
1070,Bob Jackson,3653.06
1071,Yara Miller,3874.46
1072,Wendy Jones,4412.92
1073,Rachel Wilson,2748.59
1074,Diana Martinez,4517.11
1075,Zack Robinson,6127.23
1076,Sam Brown,3493.87
1077,David Taylor,8249.9
1078,Quinn Williams,5060.57
1079,Henry Jones,5955.39
1080,Xavier Miller,3444.74
1081,Peter Garcia,1054.88
1082,Diana Brown,72.75
1083,Liam White,5739.18
1084,Grace White,3989.68
1085,Noah Miller,5867.7
1086,Ivy Anderson,6816.51
1087,Zack Brown,98.53
1088,Xavier Taylor,6000.37
1089,George Jackson,4289.09
1090,Alice Jackson,2455.64
1091,Rachel Davis,7091.75
1092,Diana Davis,3261.19
1093,Tina Jackson,4587.69
1094,Emily Martinez,4085.76
1095,Diana Taylor,7609.25
1096,Victor Clark,9531.64
1097,Emily Jones,6284.36
1098,Xavier Martin,1991.97
1099,Mia Garcia,6429.82
1100,Henry Clark,7076.6
1101,Charlie Davis,6384.05
1102,Peter Thompson,6980.68
1103,Tina Garcia,543.08
1104,Olivia Wilson,759.28
1105,Frank Miller,6613.59
1106,Eve Anderson,4986.15
1107,Frank Robinson,5672.01
1108,George Garcia,6718.64
1109,Rachel Jackson,5797.48
1110,Karen Davis,5578.39
1111,Noah Davis,6396.42
1112,Peter Garcia,9309.06
1113,David Miller,8420.54
1114,Alice Taylor,4194.7
1115,Laura Garcia,6708.16
1116,Quinn Harris,4060.81
1117,Olivia Davis,8234.26
1118,George Smith,1043.67
1119,Peter Martin,9483.9
1120,Jack Wilson,1523.49
1121,Emily Williams,689.73
1122,Frank Harris,6081.82
1123,Charlie Martinez,2006.94
1124,Peter Jones,8692.31
1125,David Miller,6618.42
1126,Ivy Taylor,2758.62
1127,Olivia Garcia,1704.64
1128,Noah Miller,8449.65
1129,Xavier Davis,9695.23
1130,Uma Smith,4947.75
1131,Liam Anderson,1368.42
1132,Jack Moore,7039.18
1133,Ivy Garcia,2516.35
1134,Grace Thompson,4930.84
1135,Grace Robinson,2887.64
1136,Victor Jones,5114.01
1137,Uma Jones,9322.84
1138,Peter Robinson,7519.2
1139,Wendy Martinez,5148.13
1140,Charlie Jackson,9589.81
1141,Alice Brown,5906.18
1142,Grace Miller,6405.45
1143,David Jackson,5055.72
1144,Peter Smith,7336.3
1145,Alice Garcia,6559.81
1146,Sam Robinson,9338.98
1147,Victor Clark,6182.02
1148,Uma Miller,3379.38
1149,Diana Jones,4507.05
1150,Laura Anderson,6611.8
1151,Sam Taylor,6440.81
1152,Karen Harris,6179.3
1153,Zack Smith,2679.07
1154,Wendy Taylor,5568.32
1155,Noah Martinez,7668.82
1156,Charlie Smith,1878.59
1157,Olivia Martin,6037.04
1158,Yara Robinson,2202.91
1159,Uma Robinson,6563.7
1160,Alice Thompson,2386.76
1161,Zack Martin,1907.59
1162,David Robinson,194.93
1163,Grace Anderson,8376.12
1164,Zack Robinson,2304.26
1165,Rachel Harris,7400.28
1166,Diana Thomas,9609.82
1167,Laura Thomas,4129.38
1168,Eve Harris,7399.06
1169,George Davis,3349.11
1170,Ivy Thompson,6680.99
1171,David Martin,452.57
1172,Rachel Williams,8667.9
1173,Rachel Garcia,5483.95
1174,Frank Jackson,9993.29
1175,Rachel Thompson,3573.96
1176,Noah Davis,1830.22
1177,George Brown,1522.18
1178,Grace Davis,3936.14
1179,Henry Smith,9535.52
1180,Quinn Smith,9299.12
1181,Emily Miller,7470.71
1182,Alice Clark,5780.35
1183,Quinn Williams,750.82
1184,Emily Jones,576.46
1185,Liam Williams,7136.93
1186,Bob Jackson,3781.66
1187,George Moore,7742.89
1188,Eve Moore,5136.67
1189,Grace Garcia,1394.92
1190,Grace Jackson,8035.84
1191,Zack Jackson,8351.38
1192,David Garcia,8529.7
1193,Xavier White,9221.57
1194,Quinn Thomas,1214.05
1195,Rachel Clark,8400.58
1196,Charlie Thompson,5580.06
1197,Henry Williams,1928.55
1198,Mia Garcia,5856
1199,Eve Jones,683.22
1200,Sam White,7623.17
1201,Grace Garcia,5065.12
1202,Mia Jones,315.45
1203,George Wilson,3377.91
1204,Sam Moore,1197.8
1205,Diana Harris,7272.96
1206,Zack Jones,9318.18
1207,Jack Wilson,7186.42
1208,Mia Harris,5616.51
1209,Tina Jackson,2732.57
1210,Noah Davis,6651.77
1211,Jack Williams,3861.9
1212,Charlie Martinez,7586.3
1213,Bob Jackson,3799.34
1214,Alice Martinez,5270.62
1215,Alice Martin,1265.44
1216,Charlie Smith,9280.9
1217,Bob Garcia,8387.31
1218,David Williams,1682.8
1219,Emily Martin,3867.94
1220,Jack Taylor,2167.14
1221,Karen Moore,2472.06
1222,Xavier Martinez,9880.6
1223,Ivy Jackson,869.53
1224,Rachel Anderson,9311.24
1225,Tina Anderson,2242.2
1226,Victor Wilson,8337.16
1227,Olivia White,4444.65
1228,Bob Smith,7571.59
1229,Tina Anderson,3689.36
1230,George Wilson,301.67
1231,Quinn Martin,5726.34
1232,Jack Jones,5278.63
1233,Ivy Brown,2815.4
1234,Diana Taylor,7093.66
1235,Jack Thompson,3893.98
1236,Yara Thompson,3006.95
1237,Olivia Robinson,7738.11
1238,Tina Brown,1635.25
1239,Bob Brown,7547.19
1240,Liam Anderson,8203.9
1241,Karen Thomas,6971.93
1242,Diana Martin,4501.5
1243,Uma Moore,9557.18
1244,Alice Robinson,7361.48
1245,Jack Williams,6281.74
1246,Victor Brown,1111.75
1247,Xavier Davis,5971.8
1248,Emily Jones,6850.61
1249,Wendy Jones,428.12
1250,Alice Clark,2348.69
1251,David Martin,2777.71
1252,Jack Williams,788.26
1253,Jack Thompson,3349.92
1254,Mia Thomas,3204.05
1255,Charlie Clark,1281.61
1256,Liam Clark,5965.21
1257,Ivy Martinez,8161.29
1258,David Thomas,8773.24
1259,David Jackson,7707.93
1260,Laura Davis,7883.93
1261,Quinn Martin,8666.57
1262,Laura Miller,4419.05
1263,David Miller,7411.47
1264,Grace Clark,2102.2
1265,David Robinson,8614.4
1266,Frank Clark,8682.53
1267,Frank Thompson,424.42
1268,Eve Martin,6707.88
1269,Noah Wilson,5861.22
1270,Diana Brown,7008.48
1271,Yara Taylor,9644.7
1272,Emily Martin,2712.68
1273,Frank Davis,9280.83
1274,Karen Jones,2987.72
1275,Eve Brown,4747.24
1276,Eve Jackson,6286.55
1277,Frank Garcia,3944.48
1278,Alice Martin,8101.58
1279,David Davis,6386.26
1280,Peter Harris,105.84
1281,Victor Wilson,4787.49
1282,Victor Martin,7187.91
1283,Henry Williams,604.41
1284,Uma Williams,696.52
1285,George Robinson,808.94
1286,Noah Smith,8791.33
1287,Peter Anderson,8881.6
1288,Emily Jackson,8519.75
1289,Laura Martin,1367.37
1290,Ivy White,1433.35
1291,Henry Robinson,8145.21
1292,Diana Davis,8703.38
1293,Quinn Garcia,999.14
1294,Wendy Williams,6361.75
1295,Henry Martin,1698.84
1296,Sam Robinson,5826.77
1297,Emily Anderson,8645.3
1298,Victor Robinson,7605.21
1299,Victor Martin,5897.01
1300,Jack Jones,3600.78
1301,George Jackson,3520.54
1302,Jack Garcia,3515.75
1303,Eve Moore,2736.9
1304,Frank Jones,2708.06
1305,Emily Anderson,5158.9
1306,Ivy Garcia,9541.11
1307,Victor Thompson,542.34
1308,Yara Garcia,4804.73
1309,Zack Martinez,26.95
1310,Alice Wilson,1098.99
1311,Xavier Anderson,9837.99
1312,Karen Jackson,6407.08
1313,Peter Martin,4345.5
1314,Eve Thomas,527.87
1315,George Thomas,7381.27
1316,Diana Thompson,4792
1317,Mia Martinez,1556.74
1318,Uma Wilson,4970.8
1319,Charlie Martinez,3063.3
1320,Rachel Martin,7252.68
1321,Sam Anderson,451.42
1322,Xavier Thomas,2626.47
1323,David Garcia,9848.06
1324,Sam Davis,4558.12
1325,Zack Garcia,9020.08
1326,Peter Garcia,9175.72
1327,Noah White,5924.27
1328,Quinn Anderson,5239.79
1329,Bob Williams,1953.66
1330,Emily Smith,7965.18
1331,Noah Martinez,5063.54
1332,Rachel Brown,3978.7
1333,Henry Martin,11.01
1334,Uma Anderson,9664.79
1335,Emily Anderson,8606.8
1336,Emily Martin,8900.32
1337,Rachel Martin,8763.59
1338,David Moore,1921.24
1339,Grace Jones,6868.85
1340,Jack Thomas,9250.34
1341,Henry Thomas,2298.62
1342,Quinn Smith,6060.31
1343,Jack White,4707.19
1344,Charlie Moore,9281.51
1345,Emily Garcia,5132.93
1346,Quinn Garcia,1657.83
1347,Sam Taylor,2367.47
1348,Bob Clark,5558.73
1349,Frank Martinez,8626.51
1350,Ivy Anderson,2982.81
1351,Quinn Brown,3833.89
1352,Ivy Brown,7970.39
1353,Yara Anderson,6258.97
1354,Jack White,6054.49
1355,Uma Moore,3927.34
1356,Diana Brown,8872.12
1357,Liam Martinez,5446.74
1358,Zack Thomas,6584.63
1359,Ivy Harris,5924.61
1360,Bob Garcia,2000.93
1361,Victor Harris,5854.19
1362,Ivy Brown,3182.36
1363,Henry Wilson,3367.55
1364,Zack Jones,6406.85
1365,Frank White,9375.29
1366,Charlie Thomas,7235.83
1367,Ivy Taylor,9872.53
1368,Alice White,6517.95
1369,Olivia Martin,1943.05
1370,Noah Wilson,6412.84
1371,Tina Thomas,3285.11
1372,Zack Martin,2555.65
1373,Victor Wilson,7574.88
1374,Grace Martinez,313.91
1375,Liam Jones,2359.28
1376,Jack Clark,2493.99
1377,Karen Garcia,5623.98
1378,Eve Brown,4937.13
1379,Victor Thomas,9988.56
1380,George Robinson,6397.39
1381,Jack Thompson,1299.66
1382,Mia Martin,8169.29
1383,Mia Jackson,3263.01
1384,Zack Williams,9719.38
1385,Mia Martinez,9429.45
1386,Eve Miller,6606.47
1387,Yara Taylor,478.31
1388,Yara Martinez,126.63
1389,Uma Taylor,9155.12
1390,Peter Taylor,6142.09
1391,Wendy Williams,5448.67
1392,Karen Brown,5778.09
1393,Eve Anderson,3092.96
1394,Yara Williams,7403.6
1395,Laura White,5611.14
1396,George Williams,6822.47
1397,Eve Robinson,4376.02
1398,Sam Taylor,5154.92
1399,Mia Wilson,8325.42
1400,Bob Smith,6056.73
1401,George Thomas,3217.92
1402,Quinn Wilson,9299.81
1403,Frank Martinez,2216.84
1404,Olivia Thomas,3940.44
1405,Liam Davis,8821.77
1406,Alice Moore,664.07
1407,Laura Wilson,5937.2
1408,Alice Williams,7345.45
1409,David Brown,9043.43
1410,Bob Williams,1576.42
1411,Yara White,4153.76
1412,Grace Garcia,6710.56
1413,Uma Brown,2085.93
1414,Xavier Anderson,3964.38
1415,Peter Martin,2721.89
1416,Grace Jackson,2440.01
1417,Olivia Harris,8618.62
1418,Quinn Williams,3533.05
1419,Noah Anderson,6503.84
1420,Alice Moore,4120.33
1421,Sam Moore,9174.32
1422,Grace Martinez,5229.39
1423,Mia Wilson,150.16
1424,Charlie Smith,5276.9
1425,Jack Jackson,7927.87
1426,Mia Brown,9248.64
1427,Charlie Martin,3206.2
1428,Wendy Thompson,4809.66
1429,Laura White,4866.4
1430,Yara Jones,1187.29
1431,Diana Garcia,3104.61
1432,Ivy Anderson,1811.09
1433,Mia Anderson,194.75
1434,Wendy Wilson,3120.71
1435,Peter Miller,9280.58
1436,Rachel Wilson,5199.87
1437,Henry Thomas,5140.67
1438,Noah Wilson,6358.22
1439,Alice Anderson,7603.26
1440,George Moore,4690.57
1441,Zack Moore,1244.04
1442,Tina Moore,2812.65
1443,Tina Martinez,8216.91
1444,George Clark,2536.61
1445,Xavier Williams,6506.84
1446,Alice Martin,5246.04
1447,Frank Davis,7475.36
1448,Uma Anderson,7905.21
1449,Henry Smith,7658.25
1450,Mia Garcia,2152.5
1451,Diana Moore,2268.89
1452,Wendy Smith,7091.69
1453,George Williams,9108.89
1454,Charlie Moore,8820.18
1455,Yara Brown,5304.1
1456,Liam Robinson,696.37
1457,Liam White,1350.9
1458,Tina Martin,6623.77
1459,Victor Robinson,5317.25
1460,Diana Martin,2934.96
1461,Olivia White,1877.54
1462,Karen Jackson,7387.58
1463,Quinn Martinez,5687.88
1464,Noah Smith,3375.16
1465,Olivia Brown,279.2
1466,Wendy Moore,1476.24
1467,Tina White,8981.73
1468,Laura Harris,7816.18
1469,Victor Williams,213.75
1470,Xavier Miller,2519.27
1471,Karen Harris,2959.56
1472,Bob Martinez,4498.02
1473,Zack Martin,9272.35
1474,Mia Thompson,5265.54
1475,Sam Martin,2118.62
1476,Charlie White,812.75
1477,Zack Brown,3474.78
1478,Diana White,4276
1479,Noah Thomas,1318.63
1480,Quinn White,1288.74
1481,Eve Anderson,1943.73
1482,Mia Smith,8051.9
1483,Wendy Brown,4756.14
1484,Charlie Miller,8416.89
1485,Zack Clark,8163.33
1486,Wendy Wilson,5005.53
1487,Diana Garcia,9235.48
1488,Grace Brown,9260.45
1489,Charlie Robinson,323.44
1490,Quinn Jones,8001.07
1491,Olivia Williams,9207.71
1492,Noah Harris,6872.25
1493,Jack Davis,6767.04
1494,Karen Martin,1459.46
1495,Laura Wilson,7995.86
1496,Xavier Anderson,3695.4
1497,Jack Harris,5346.14
1498,Liam Brown,8457.02
1499,Henry Davis,1710.41
1500,Eve Williams,726.06

